[
null,
{"id":1,"animationId":41,"consumable":false,"damage":{"critical":false,"elementId":0,"formula":"0","type":0,"variance":20},"description":"Translates letter 'a' for default language","effects":[],"hitType":0,"iconIndex":176,"itypeId":2,"name":"Primer A","note":"<LanguagePrimer: a y>","occasion":0,"price":50,"repeats":1,"scope":7,"speed":0,"successRate":100,"tpGain":0},
{"id":2,"animationId":41,"consumable":false,"damage":{"critical":false,"elementId":0,"formula":"0","type":0,"variance":20},"description":"Translates letters 'b', 'd', 'e', 'h' and 'l' for default language","effects":[],"hitType":0,"iconIndex":176,"itypeId":2,"name":"Primer B, D, E, H, L","note":"<LanguagePrimer: l m>\n<LanguagePrimer: b p>\n<LanguagePrimer: h r>\n<LanguagePrimer: e a>\n<LanguagePrimer: d t>","occasion":0,"price":100,"repeats":1,"scope":7,"speed":0,"successRate":100,"tpGain":0},
{"id":3,"animationId":41,"consumable":false,"damage":{"critical":false,"elementId":0,"formula":"0","type":0,"variance":20},"description":"Translates letter 'I' for Rassus language","effects":[],"hitType":0,"iconIndex":176,"itypeId":2,"name":"Rassus Primer I","note":"","occasion":0,"price":50,"repeats":1,"scope":7,"speed":0,"successRate":100,"tpGain":0},
{"id":4,"animationId":41,"consumable":false,"damage":{"critical":false,"elementId":0,"formula":"0","type":0,"variance":20},"description":"Translates letter 's' for Rassus language","effects":[],"hitType":0,"iconIndex":176,"itypeId":2,"name":"Rassus Primer S","note":"","occasion":0,"price":50,"repeats":1,"scope":7,"speed":0,"successRate":100,"tpGain":0},
{"id":5,"animationId":41,"consumable":false,"damage":{"critical":false,"elementId":0,"formula":"0","type":0,"variance":20},"description":"Translates letter 'a' for Rassus language","effects":[],"hitType":0,"iconIndex":176,"itypeId":2,"name":"Rassus Primer T","note":"","occasion":0,"price":50,"repeats":1,"scope":7,"speed":0,"successRate":100,"tpGain":0}
]