{
"autoplayBgm":false,"autoplayBgs":false,"battleback1Name":"","battleback2Name":"","bgm":{"name":"","pan":0,"pitch":100,"volume":90},"bgs":{"name":"","pan":0,"pitch":100,"volume":90},"disableDashing":false,"displayName":"","encounterList":[],"encounterStep":30,"height":13,"note":"","parallaxLoopX":false,"parallaxLoopY":false,"parallaxName":"","parallaxShow":true,"parallaxSx":0,"parallaxSy":0,"scrollType":0,"specifyBattleback":false,"tilesetId":1,"width":13,
"data":[2048,2052,2076,2076,2076,2076,2076,2076,2076,2076,2076,2076,2056,2052,2086,2850,2836,2836,2836,2836,2836,2836,2836,2836,2852,2064,2072,2850,2817,2816,2816,2816,2816,2816,2816,2816,2816,2840,2064,2072,2832,2816,2816,2816,2816,2816,2816,2816,2816,2816,2840,2064,2072,2832,2816,2816,2816,2816,2816,2816,2816,2816,2816,2840,2064,2072,2856,2844,2824,2816,2816,2816,2816,2816,2816,2816,2840,2064,2050,2068,2084,2832,2816,2816,2816,2816,2816,2816,2816,2840,2064,2052,2076,2086,2832,2816,2816,2816,2816,2816,2816,2816,2840,2064,2072,2859,2838,2817,2816,2816,2816,2816,2816,2816,2816,2840,2064,2050,2084,2832,2816,2816,2816,2816,2816,2816,2816,2816,2840,2064,2048,2072,2856,2844,2844,2844,2844,2844,2824,2816,2820,2854,2064,2048,2050,2068,2068,2068,2068,2068,2084,2856,2844,2854,2082,2049,2048,2048,2048,2048,2048,2048,2048,2050,2068,2068,2068,2049,2048,2096,2100,2124,2124,2124,2124,2124,2134,0,0,0,0,0,2100,2134,0,0,0,0,0,0,0,0,0,0,0,2120,0,0,0,0,0,0,0,0,0,0,0,0,2120,0,0,0,0,0,0,0,0,0,0,0,2130,2120,0,0,0,0,0,0,0,0,0,0,0,2112,2134,0,0,0,0,0,0,0,0,0,0,0,2112,0,0,0,0,0,0,0,0,0,0,0,0,2112,0,0,0,0,0,0,0,0,0,0,0,0,2112,2132,0,0,0,0,0,0,0,0,0,0,0,2112,2098,2132,0,0,0,0,0,0,0,0,0,0,2112,2100,2134,0,0,0,0,0,0,0,0,0,0,2112,2120,0,0,0,0,0,0,0,0,0,0,0,2136,2098,2116,2116,2116,2116,2116,2116,2116,2116,2116,2116,2132,0,0,0,0,0,0,0,0,0,0,0,0,0,0,0,0,0,0,0,0,0,0,0,0,0,0,0,0,0,0,0,0,0,0,0,0,0,0,0,0,0,0,0,0,0,0,0,0,0,0,0,0,0,0,0,0,0,0,0,0,0,0,0,0,0,0,0,0,0,0,0,0,0,0,0,0,0,0,0,0,0,0,0,0,0,0,0,0,0,0,0,0,0,0,0,0,0,0,0,0,0,0,0,0,0,0,0,0,0,0,0,0,0,0,0,0,0,0,0,0,0,0,0,0,0,0,0,0,0,0,0,0,0,0,0,0,0,0,0,0,0,0,0,0,0,0,0,0,0,0,0,0,0,0,0,0,0,0,0,0,0,0,0,0,0,0,0,0,0,0,0,0,0,0,0,0,0,0,0,0,0,0,0,0,0,0,0,0,0,0,0,0,0,0,0,0,0,0,0,0,0,0,0,0,0,0,0,0,0,0,0,0,0,0,0,0,0,0,0,0,0,0,0,0,0,0,0,0,0,0,0,0,0,0,0,0,0,0,0,0,0,0,0,0,0,0,0,0,0,0,0,0,0,0,0,0,0,0,0,0,0,0,0,0,0,0,0,0,0,0,0,0,0,0,0,0,0,0,0,0,0,112,113,112,113,0,0,0,0,0,0,0,0,0,120,121,120,121,0,0,0,0,0,0,0,0,0,0,0,0,0,0,0,0,0,0,0,0,0,0,0,0,0,0,0,0,0,0,0,0,0,0,0,0,0,0,0,0,0,0,0,0,0,0,0,0,0,0,0,0,0,0,0,0,0,0,0,0,0,0,0,0,0,0,0,0,0,0,0,0,0,0,0,0,0,0,0,0,0,0,0,0,0,0,0,0,0,0,0,0,0,0,0,0,0,0,0,0,0,0,0,0,0,0,0,0,0,0,0,0,0,0,0,0,0,0,0,0,0,0,0,0,0,0,0,0,0,0,0,0,0,0,0,0,0,0,0,0,0,0,0,0,0,0,0,0,0,0,0,0,0,0,0,0,0,0,0,0,0,0,0,0,0,0,0,0,0,0,0,0,0,0,0,0,0,0,0,0,0,0,0,0,0,0,0,0,0,0,0,0,0,0,0,0,0,0,0,0,0,0,0,0,0,0,0,0,0,0,0,0,0,0,0,0,0,0,0,0,0,0,0,0,0,0,0,0,0,0,0,0,0,0,0,0,0,0,0,0,0,0,0,0,0,0,0,0,0,0,0,0,0,0,0,0,0,0,0,0,0,0,0,0,0,0,0,0,0,0,0,0,0,0,0,0,0,0,0,0,0,0,0,0,0,0,0,0,0,0,0,0,0,0,0,0,0,0,0,0,0,0,0,0,0,0,0,0,0,0,0,0,0,0,0,0,0,0,0,0,0,0,0,0,0,0,0,0,0,0,0,0,0,0,0,0,0,0,0,0,0,0,0,0,0,0,0,0,0,0,0,0,0,0,0,0,0,0,0,0,0,0,0,0,0,0,0,0,0,0,0,0,0,0,0,0,0,0,0],
"events":[
null,
{"id":1,"name":"Targeted Enable","note":"","pages":[{"conditions":{"actorId":1,"actorValid":false,"itemId":1,"itemValid":false,"selfSwitchCh":"A","selfSwitchValid":false,"switch1Id":1,"switch1Valid":false,"switch2Id":1,"switch2Valid":false,"variableId":1,"variableValid":false,"variableValue":0},"directionFix":false,"image":{"tileId":0,"characterName":"!Switch1","direction":2,"pattern":0,"characterIndex":0},"list":[{"code":123,"indent":0,"parameters":["A",0]},{"code":356,"indent":0,"parameters":["SRCrazy_EventIndicators toggle 10"]},{"code":101,"indent":0,"parameters":["",0,0,2]},{"code":401,"indent":0,"parameters":["That fairy's icon has been toggled."]},{"code":0,"indent":0,"parameters":[]}],"moveFrequency":3,"moveRoute":{"list":[{"code":0,"parameters":[]}],"repeat":true,"skippable":false,"wait":false},"moveSpeed":3,"moveType":0,"priorityType":1,"stepAnime":false,"through":false,"trigger":0,"walkAnime":true},{"conditions":{"actorId":1,"actorValid":false,"itemId":1,"itemValid":false,"selfSwitchCh":"A","selfSwitchValid":true,"switch1Id":1,"switch1Valid":false,"switch2Id":1,"switch2Valid":false,"variableId":1,"variableValid":false,"variableValue":0},"directionFix":false,"image":{"tileId":0,"characterName":"!Switch1","direction":6,"pattern":0,"characterIndex":0},"list":[{"code":123,"indent":0,"parameters":["A",1]},{"code":356,"indent":0,"parameters":["SRCrazy_EventIndicators toggle 10"]},{"code":101,"indent":0,"parameters":["",0,0,2]},{"code":401,"indent":0,"parameters":["That fairy's icon has been toggled."]},{"code":0,"indent":0,"parameters":[]}],"moveFrequency":3,"moveRoute":{"list":[{"code":0,"parameters":[]}],"repeat":true,"skippable":false,"wait":false},"moveSpeed":3,"moveType":0,"priorityType":1,"stepAnime":false,"through":false,"trigger":0,"walkAnime":true}],"x":1,"y":8},
{"id":2,"name":"Page 2 Remove","note":"","pages":[{"conditions":{"actorId":1,"actorValid":false,"itemId":1,"itemValid":false,"selfSwitchCh":"A","selfSwitchValid":false,"switch1Id":1,"switch1Valid":false,"switch2Id":1,"switch2Valid":false,"variableId":1,"variableValid":false,"variableValue":0},"directionFix":true,"image":{"tileId":0,"characterName":"!Other1","direction":2,"pattern":1,"characterIndex":3},"list":[{"code":108,"indent":0,"parameters":["<eventIndicator: true>"]},{"code":408,"indent":0,"parameters":["<eventIndicatorIcon: 143>"]},{"code":101,"indent":0,"parameters":["",0,0,2]},{"code":401,"indent":0,"parameters":["Chest opened!"]},{"code":123,"indent":0,"parameters":["A",0]},{"code":0,"indent":0,"parameters":[]}],"moveFrequency":3,"moveRoute":{"list":[{"code":0,"parameters":[]}],"repeat":true,"skippable":false,"wait":false},"moveSpeed":3,"moveType":0,"priorityType":1,"stepAnime":false,"through":false,"trigger":0,"walkAnime":false},{"conditions":{"actorId":1,"actorValid":false,"itemId":1,"itemValid":false,"selfSwitchCh":"A","selfSwitchValid":true,"switch1Id":1,"switch1Valid":false,"switch2Id":1,"switch2Valid":false,"variableId":1,"variableValid":false,"variableValue":0},"directionFix":true,"image":{"tileId":0,"characterName":"!Other1","direction":8,"pattern":1,"characterIndex":3},"list":[{"code":108,"indent":0,"parameters":["<eventIndicator: false>"]},{"code":101,"indent":0,"parameters":["",0,0,2]},{"code":401,"indent":0,"parameters":["I just used the <eventIndicator> tag to remove it on"]},{"code":401,"indent":0,"parameters":["the event's second page."]},{"code":0,"indent":0,"parameters":[]}],"moveFrequency":3,"moveRoute":{"list":[{"code":0,"parameters":[]}],"repeat":true,"skippable":false,"wait":false},"moveSpeed":3,"moveType":0,"priorityType":1,"stepAnime":false,"through":false,"trigger":0,"walkAnime":false}],"x":1,"y":5},
{"id":3,"name":"Opapcity","note":"","pages":[{"conditions":{"actorId":1,"actorValid":false,"itemId":1,"itemValid":false,"selfSwitchCh":"A","selfSwitchValid":false,"switch1Id":1,"switch1Valid":false,"switch2Id":1,"switch2Valid":false,"variableId":1,"variableValid":false,"variableValue":0},"directionFix":false,"image":{"tileId":0,"characterName":"Nature","direction":2,"pattern":1,"characterIndex":6},"list":[{"code":108,"indent":0,"parameters":["<eventIndicator: true>"]},{"code":408,"indent":0,"parameters":["<eventIndicatorIcon: 4>"]},{"code":408,"indent":0,"parameters":["<eventIndicatorOpacity: 150>"]},{"code":101,"indent":0,"parameters":["",0,0,2]},{"code":401,"indent":0,"parameters":["Mine has it's own opacity setting using"]},{"code":401,"indent":0,"parameters":["<eventIndicatorOpacity>"]},{"code":0,"indent":0,"parameters":[]}],"moveFrequency":3,"moveRoute":{"list":[{"code":0,"parameters":[]}],"repeat":true,"skippable":false,"wait":false},"moveSpeed":3,"moveType":0,"priorityType":1,"stepAnime":false,"through":false,"trigger":0,"walkAnime":false}],"x":4,"y":2},
{"id":4,"name":"Split Lines","note":"","pages":[{"conditions":{"actorId":1,"actorValid":false,"itemId":1,"itemValid":false,"selfSwitchCh":"A","selfSwitchValid":false,"switch1Id":1,"switch1Valid":false,"switch2Id":1,"switch2Valid":false,"variableId":1,"variableValid":false,"variableValue":0},"directionFix":true,"image":{"tileId":0,"characterName":"!Other1","direction":2,"pattern":0,"characterIndex":6},"list":[{"code":108,"indent":0,"parameters":["<eventIndicator: true>"]},{"code":108,"indent":0,"parameters":["<eventIndicatorIcon: 72>"]},{"code":101,"indent":0,"parameters":["",0,0,2]},{"code":401,"indent":0,"parameters":["This still works with multiple single-line comments."]},{"code":0,"indent":0,"parameters":[]}],"moveFrequency":3,"moveRoute":{"list":[{"code":0,"parameters":[]}],"repeat":true,"skippable":false,"wait":false},"moveSpeed":3,"moveType":0,"priorityType":1,"stepAnime":true,"through":false,"trigger":0,"walkAnime":false}],"x":2,"y":2},
{"id":5,"name":"Plugin Command enable","note":"","pages":[{"conditions":{"actorId":1,"actorValid":false,"itemId":1,"itemValid":false,"selfSwitchCh":"A","selfSwitchValid":false,"switch1Id":1,"switch1Valid":false,"switch2Id":1,"switch2Valid":false,"variableId":1,"variableValid":false,"variableValue":0},"directionFix":false,"image":{"tileId":0,"characterName":"!Switch1","direction":2,"pattern":0,"characterIndex":2},"list":[{"code":123,"indent":0,"parameters":["A",0]},{"code":356,"indent":0,"parameters":["SRCrazy_EventIndicators enable false"]},{"code":101,"indent":0,"parameters":["",0,0,2]},{"code":401,"indent":0,"parameters":["Icons disabled."]},{"code":0,"indent":0,"parameters":[]}],"moveFrequency":3,"moveRoute":{"list":[{"code":0,"parameters":[]}],"repeat":true,"skippable":false,"wait":false},"moveSpeed":3,"moveType":0,"priorityType":1,"stepAnime":false,"through":false,"trigger":0,"walkAnime":true},{"conditions":{"actorId":1,"actorValid":false,"itemId":1,"itemValid":false,"selfSwitchCh":"A","selfSwitchValid":true,"switch1Id":1,"switch1Valid":false,"switch2Id":1,"switch2Valid":false,"variableId":1,"variableValid":false,"variableValue":0},"directionFix":false,"image":{"tileId":0,"characterName":"!Switch1","direction":6,"pattern":2,"characterIndex":0},"list":[{"code":123,"indent":0,"parameters":["A",1]},{"code":356,"indent":0,"parameters":["srcrazy_eventindicators EnaBLe TRuE"]},{"code":101,"indent":0,"parameters":["",0,0,2]},{"code":401,"indent":0,"parameters":["Icons enabled."]},{"code":0,"indent":0,"parameters":[]}],"moveFrequency":3,"moveRoute":{"list":[{"code":0,"parameters":[]}],"repeat":true,"skippable":false,"wait":false},"moveSpeed":3,"moveType":0,"priorityType":1,"stepAnime":false,"through":false,"trigger":0,"walkAnime":true}],"x":6,"y":2},
{"id":6,"name":"Icon File","note":"","pages":[{"conditions":{"actorId":1,"actorValid":false,"itemId":1,"itemValid":false,"selfSwitchCh":"A","selfSwitchValid":false,"switch1Id":1,"switch1Valid":false,"switch2Id":1,"switch2Valid":false,"variableId":1,"variableValid":false,"variableValue":0},"directionFix":false,"image":{"tileId":0,"characterName":"Monster","direction":2,"pattern":0,"characterIndex":6},"list":[{"code":108,"indent":0,"parameters":["<eventIndicator: true>"]},{"code":408,"indent":0,"parameters":["<eventIndicatorIcon: 10>"]},{"code":408,"indent":0,"parameters":["<eventIndicatorFile: IconSet>"]},{"code":101,"indent":0,"parameters":["",0,0,2]},{"code":401,"indent":0,"parameters":["Using the <eventIndicatorFile> tag you can use different"]},{"code":401,"indent":0,"parameters":["icon sets."]},{"code":0,"indent":0,"parameters":[]}],"moveFrequency":3,"moveRoute":{"list":[{"code":0,"parameters":[]}],"repeat":true,"skippable":false,"wait":false},"moveSpeed":3,"moveType":0,"priorityType":1,"stepAnime":true,"through":false,"trigger":0,"walkAnime":false}],"x":3,"y":6},
{"id":7,"name":"Opacity Tween","note":"","pages":[{"conditions":{"actorId":1,"actorValid":false,"itemId":1,"itemValid":false,"selfSwitchCh":"A","selfSwitchValid":false,"switch1Id":1,"switch1Valid":false,"switch2Id":1,"switch2Valid":false,"variableId":1,"variableValid":false,"variableValue":0},"directionFix":false,"image":{"tileId":0,"characterName":"Nature","direction":6,"pattern":1,"characterIndex":7},"list":[{"code":108,"indent":0,"parameters":["<eventIndicator: true>"]},{"code":408,"indent":0,"parameters":["<eventIndicatorIcon: 1>"]},{"code":408,"indent":0,"parameters":["<eventIndicatorTweenOpacity: true 0 255 1.5 linear oscillate>"]},{"code":101,"indent":0,"parameters":["",0,0,2]},{"code":401,"indent":0,"parameters":["Mine is setup to change its opacity using the"]},{"code":401,"indent":0,"parameters":["<eventIndicatorTweenOpcaity> tag."]},{"code":0,"indent":0,"parameters":[]}],"moveFrequency":3,"moveRoute":{"list":[{"code":0,"parameters":[]}],"repeat":true,"skippable":false,"wait":false},"moveSpeed":3,"moveType":0,"priorityType":1,"stepAnime":false,"through":false,"trigger":0,"walkAnime":false}],"x":3,"y":9},
{"id":8,"name":"Compound Tween","note":"","pages":[{"conditions":{"actorId":1,"actorValid":false,"itemId":1,"itemValid":false,"selfSwitchCh":"A","selfSwitchValid":false,"switch1Id":1,"switch1Valid":false,"switch2Id":1,"switch2Valid":false,"variableId":1,"variableValid":false,"variableValue":0},"directionFix":false,"image":{"tileId":0,"characterName":"Monster","direction":2,"pattern":0,"characterIndex":1},"list":[{"code":108,"indent":0,"parameters":["<eventIndicator: true>"]},{"code":408,"indent":0,"parameters":["<eventIndicatorIcon: 4>"]},{"code":108,"indent":0,"parameters":["<eventIndicatorTweenPosY: true -20 -40 2 linear repeat>"]},{"code":408,"indent":0,"parameters":["<eventIndicatorTweenScaleX: true 0.5 1 2 linear repeat>"]},{"code":408,"indent":0,"parameters":["<eventIndicatorTweenScaleY: true 0.5 1 2 linear repeat>"]},{"code":408,"indent":0,"parameters":["<eventIndicatorTweenOpacity: true 0 255 2 linear repeat>"]},{"code":101,"indent":0,"parameters":["",0,0,2]},{"code":401,"indent":0,"parameters":["I'm using a combination of <eventIndicatorTweenPosY>,"]},{"code":401,"indent":0,"parameters":["<eventIndicatorTweenScaleX>, <eventIndicatorTweenScaleY>"]},{"code":401,"indent":0,"parameters":["and the <eventIndicatorTweenOpacity> to create a more"]},{"code":401,"indent":0,"parameters":["complex effect!"]},{"code":0,"indent":0,"parameters":[]}],"moveFrequency":3,"moveRoute":{"list":[{"code":0,"parameters":[]}],"repeat":true,"skippable":false,"wait":false},"moveSpeed":3,"moveType":0,"priorityType":1,"stepAnime":false,"through":false,"trigger":0,"walkAnime":true}],"x":11,"y":5},
{"id":9,"name":"Hue","note":"","pages":[{"conditions":{"actorId":1,"actorValid":false,"itemId":1,"itemValid":false,"selfSwitchCh":"A","selfSwitchValid":false,"switch1Id":1,"switch1Valid":false,"switch2Id":1,"switch2Valid":false,"variableId":1,"variableValid":false,"variableValue":0},"directionFix":false,"image":{"tileId":0,"characterName":"Nature","direction":2,"pattern":0,"characterIndex":4},"list":[{"code":108,"indent":0,"parameters":["<eventIndicator: true>"]},{"code":408,"indent":0,"parameters":["<eventIndicatorIcon: 1>"]},{"code":408,"indent":0,"parameters":["<eventIndicatorFile: !Other1>"]},{"code":408,"indent":0,"parameters":["<eventIndicatorPath: characters>"]},{"code":408,"indent":0,"parameters":["<eventIndicatorWidth: 48>"]},{"code":408,"indent":0,"parameters":["<eventIndicatorHeight: 48>"]},{"code":108,"indent":0,"parameters":["<eventIndicatorHue: 90>"]},{"code":101,"indent":0,"parameters":["",0,0,2]},{"code":401,"indent":0,"parameters":["You can override the plugin's hue parameter using"]},{"code":401,"indent":0,"parameters":["<eventIndicatorHue>"]},{"code":0,"indent":0,"parameters":[]}],"moveFrequency":3,"moveRoute":{"list":[{"code":0,"parameters":[]}],"repeat":true,"skippable":false,"wait":false},"moveSpeed":3,"moveType":0,"priorityType":1,"stepAnime":true,"through":false,"trigger":0,"walkAnime":false}],"x":10,"y":2},
{"id":10,"name":"Icon File Path","note":"","pages":[{"conditions":{"actorId":1,"actorValid":false,"itemId":1,"itemValid":false,"selfSwitchCh":"A","selfSwitchValid":false,"switch1Id":1,"switch1Valid":false,"switch2Id":1,"switch2Valid":false,"variableId":1,"variableValid":false,"variableValue":0},"directionFix":false,"image":{"tileId":0,"characterName":"Nature","direction":2,"pattern":0,"characterIndex":5},"list":[{"code":108,"indent":0,"parameters":["<eventIndicator: true>"]},{"code":408,"indent":0,"parameters":["<eventIndicatorIcon: 1>"]},{"code":408,"indent":0,"parameters":["<eventIndicatorFile: !Other1>"]},{"code":408,"indent":0,"parameters":["<eventIndicatorPath: characters>"]},{"code":408,"indent":0,"parameters":["<eventIndicatorWidth: 48>"]},{"code":408,"indent":0,"parameters":["<eventIndicatorHeight: 48>"]},{"code":101,"indent":0,"parameters":["",0,0,2]},{"code":401,"indent":0,"parameters":["You can display any image from the project's img folder"]},{"code":401,"indent":0,"parameters":["as an icon using <eventIndicatorPath> together with"]},{"code":401,"indent":0,"parameters":["<eventIndicatorFile>. Dimensions can be set using"]},{"code":401,"indent":0,"parameters":["<eventIndicatorWidth> and <eventIndicatorHeight>."]},{"code":0,"indent":0,"parameters":[]}],"moveFrequency":3,"moveRoute":{"list":[{"code":0,"parameters":[]}],"repeat":true,"skippable":false,"wait":false},"moveSpeed":3,"moveType":0,"priorityType":1,"stepAnime":true,"through":false,"trigger":0,"walkAnime":false}],"x":8,"y":2},
{"id":11,"name":"Scale","note":"","pages":[{"conditions":{"actorId":1,"actorValid":false,"itemId":1,"itemValid":false,"selfSwitchCh":"A","selfSwitchValid":false,"switch1Id":1,"switch1Valid":false,"switch2Id":1,"switch2Valid":false,"variableId":1,"variableValid":false,"variableValue":0},"directionFix":true,"image":{"tileId":0,"characterName":"!Switch1","direction":8,"pattern":0,"characterIndex":0},"list":[{"code":108,"indent":0,"parameters":["<eventIndicator: true>"]},{"code":408,"indent":0,"parameters":["<eventIndicatorIcon: 81>"]},{"code":408,"indent":0,"parameters":["<eventIndicatorScale: 0.75>"]},{"code":408,"indent":0,"parameters":["<eventIndicatorTweenPosY: true -30 -40 1 sineIn oscillate>"]},{"code":0,"indent":0,"parameters":[]}],"moveFrequency":3,"moveRoute":{"list":[{"code":0,"parameters":[]}],"repeat":true,"skippable":false,"wait":false},"moveSpeed":3,"moveType":0,"priorityType":1,"stepAnime":false,"through":false,"trigger":0,"walkAnime":false}],"x":8,"y":7},
{"id":12,"name":"EV012","note":"","pages":[{"conditions":{"actorId":1,"actorValid":false,"itemId":1,"itemValid":false,"selfSwitchCh":"A","selfSwitchValid":true,"switch1Id":1,"switch1Valid":false,"switch2Id":1,"switch2Valid":false,"variableId":1,"variableValid":false,"variableValue":0},"directionFix":true,"image":{"tileId":0,"characterName":"!Switch1","direction":8,"pattern":0,"characterIndex":7},"list":[{"code":201,"indent":0,"parameters":[0,2,6,11,8,0]},{"code":0,"indent":0,"parameters":[]}],"moveFrequency":3,"moveRoute":{"list":[{"code":0,"parameters":[]}],"repeat":true,"skippable":false,"wait":false},"moveSpeed":3,"moveType":0,"priorityType":1,"stepAnime":false,"through":false,"trigger":1,"walkAnime":false}],"x":9,"y":11},
null,
null,
null
]
}